<keymap version="1" name="Windows copy" parent="$default">
  <action id="$LRU">
    <keyboard-shortcut first-keystroke="shift ctrl alt o" />
  </action>
  <action id="ChangeLaf">
    <keyboard-shortcut first-keystroke="ctrl dead_acute" />
  </action>
  <action id="CommentByLineComment">
    <keyboard-shortcut first-keystroke="ctrl slash" />
    <keyboard-shortcut first-keystroke="ctrl divide" />
    <keyboard-shortcut first-keystroke="shift ctrl 7" />
  </action>
  <action id="DebugClass">
    <keyboard-shortcut first-keystroke="shift ctrl f11" />
  </action>
  <action id="Editor LRU">
    <keyboard-shortcut first-keystroke="shift ctrl alt o" />
  </action>
  <action id="ExpandRegion">
    <keyboard-shortcut first-keystroke="ctrl add" />
    <keyboard-shortcut first-keystroke="ctrl plus" />
  </action>
  <action id="Git.Branches">
    <keyboard-shortcut first-keystroke="shift ctrl back_quote" />
    <keyboard-shortcut first-keystroke="alt g" second-keystroke="alt b" />
  </action>
  <action id="Git.Clone">
    <keyboard-shortcut first-keystroke="alt g" second-keystroke="alt c" />
  </action>
  <action id="Git.Fetch">
    <keyboard-shortcut first-keystroke="alt g" second-keystroke="alt f" />
  </action>
  <action id="Git.Pull">
    <keyboard-shortcut first-keystroke="alt g" second-keystroke="alt p" />
  </action>
  <action id="MainMenu">
    <keyboard-shortcut first-keystroke="f10" />
  </action>
  <action id="QuickChangeScheme">
    <keyboard-shortcut first-keystroke="ctrl back_quote" />
    <keyboard-shortcut first-keystroke="ctrl #10000a7" />
  </action>
  <action id="ToggleBookmark7" />
</keymap>